place,title,time,pay,date
경남 창원시, 올리브영 스타필드시티명지점,13:00~16:30,"시급8,720",2분전
경남 창원시, 올리브영 스타필드시티명지점,16:30~21:00,"시급8,720",2분전
서울 동작구, 씨제이올리브영(주),15:30~23:00,"시급8,720",3분전
전국 전체, 올리브영 망원역점,15:30~22:00,"시급8,720",4분전
부산 사하구, 올리브영 스타필드시티명지점,16:30~21:00,"시급8,720",4분전
경기 광주시, 씨제이올리브영(주),16:00~21:00,"시급8,720",5분전
서울 노원구, 올리브영 광운대역점,12:30~16:00,"시급8,720",5분전
경기 하남시, 씨제이올리브영(주),18:30~21:30,"시급8,720",7분전
서울 전체, 올리브영 MFC연희점,시간협의,"시급8,720",7분전
서울 서초구, 씨제이올리브영(주) 강남엔터식스점,16:00~22:00,"시급8,720",12분전
서울 서초구, 씨제이올리브영(주) 강남엔터식스점,16:00~22:00,"시급8,720",13분전
서울 구로구, 씨제이올리브영(주),17:30~22:30,"시급8,720",13분전
경기 고양시, 올리브영 웨스턴돔중앙점,02:30~22:30,"시급8,720",17분전
경기 성남시, CJ올리브영 가천대점,10:30~15:00,"시급8,720",18분전
경기 성남시, CJ올리브영 가천대점,10:30~15:00,"시급8,720",19분전
경기 성남시, CJ올리브영 성남 타운,09:30~15:00,"시급8,720",19분전
경기 성남시, CJ올리브영 성남 타운,16:00~23:00,"시급8,720",20분전
인천 전체, 씨제이올리브영(주),09:30~14:30,"시급8,720",20분전
경기 성남시, CJ올리브영 성남 타운,15:00~23:00,"시급8,720",20분전
인천 서구, 올리브영 청라타워돔점,11:00~14:30,"시급8,720",24분전
대구 달성군, 올리브영 대구죽곡점,10:00~16:00,"시급8,720",26분전
인천 서구, 씨제이올리브영(주) 인천불로동점,09:30~16:30,"시급8,720",30분전
서울 강남구, 씨제이올리브영(주),09:30~16:30,"시급8,720",32분전
서울 중구, 올리브영 명동 플래그십,09:00~16:00,"시급8,720",33분전
서울 종로구, 올리브영 종로YBM점,07:30~15:00,"시급8,720",36분전
서울 동작구, 씨제이올리브영(주),09:30~16:00,"시급8,720",37분전
서울 강남구, 씨제이올리브영(주),15:30~22:30,"시급8,720",38분전
대전 서구, 씨제이올리브영(주) 대전시청역점,11:00~16:30,"시급8,720",39분전
서울 종로구, 올리브영 종로YBM점,15:00~20:30,"시급8,720",44분전
서울 용산구, 씨제이올리브영(주),18:00~22:30,"시급8,720",46분전
서울 중구, 씨제이올리브영(주),15:00~21:00,"시급8,720",48분전
경기 성남시, CJ올리브영 성남 타운,16:00~23:00,"시급8,720",49분전
대구 중구, 씨제이올리브영(주)올리브영 대구 타운,시간협의,"시급8,720",49분전
경기 성남시, CJ올리브영 성남 타운,09:30~15:00,"시급8,720",49분전
인천 중구, 씨제이올리브영(주),15:00~20:00,"시급8,720",50분전
서울 강동구, 씨제이올리브영(주),16:30~22:30,"시급8,720",50분전
경기 성남시, CJ올리브영 성남 타운,15:00~23:00,"시급8,720",50분전
서울 용산구, 올리브영 동부이촌점,09:00~12:30,"시급8,720",50분전
충북 충주시, 올리브영 충주연수점,시간협의,"시급8,720",51분전
광주 광산구, 씨제이올리브영(주) 광주하남콜럼버스점,11:30~15:30,"시급8,720",53분전
서울 은평구, 씨제이올리브영(주) 구산역점,18:00~22:30,"시급8,720",53분전
서울 관악구, 씨제이올리브영(주),15:30~22:00,"시급8,720",56분전
경기 용인시, 씨제이올리브영(주)롯데몰수지점,09:00~14:30,"시급8,720",57분전
대전 유성구, 씨제이올리브영(주),17:30~19:30,"시급8,720",59분전
대전 전체, 씨제이올리브영(주),시간협의,"시급8,720",1시간전
전북 익산시, 씨제이올리브영(주),16:00~22:00,"시급8,720",1시간전
서울 강남구, 씨제이올리브영(주),15:30~22:00,"시급8,720",1시간전
대전 유성구, 씨제이올리브영(주),시간협의,"시급8,720",1시간전
경기 파주시, 올리브영 파주금촌점,17:00~22:30,"시급8,720",1시간전
경기 파주시, 올리브영 파주금촌점,10:00~13:00,"시급8,720",1시간전
